MONTH,TMIN_P10,TMAX_P90,PRCP_SUM
1,-8.0,5.0,65.0
2,-9.200000000000001,8.200000000000001,75.1
3,-5.1000000000000005,8.3,181.0
4,-3.0,12.600000000000001,76.19999999999999
5,3.05,21.950000000000003,59.85
6,6.7,23.3,90.0
7,7.9,23.200000000000003,126.10000000000001
8,7.700000000000001,29.300000000000004,40.85
9,4.2,19.3,120.19999999999997
10,-3.2,9.700000000000001,126.0
11,-3.4000000000000004,7.050000000000001,169.85000000000002
12,-7.85,5.0,153.54999999999998
