MONTH,TMIN_P10,TMAX_P90,PRCP_SUM
1,-7.7,9.4,7.4
2,-4.0,7.800000000000001,3.0
3,-0.30000000000000004,12.700000000000001,62.999999999999986
4,1.0,16.0,30.100000000000005
5,5.7,25.9,14.3
6,9.950000000000001,29.75,16.5
7,9.9,29.3,30.400000000000002
8,10.75,33.65,32.45
9,6.5,21.400000000000002,30.000000000000004
10,-0.7000000000000001,14.8,62.0
11,0.04999999999999999,11.25,48.45
12,-4.8500000000000005,8.9,53.5
