MONTH,TMIN_P10,TMAX_P90,TMIN_MIN,TMAX_MAX,PRCP_SUM
1,22.11666666666667,,21.5,,85.45
2,21.566666666666666,,20.200000000000003,,40.1
3,21.775,,21.0,,4.0
4,22.360000000000003,,21.0,,116.95
5,21.775,,21.0,,117.35000000000001
6,20.3,,18.0,,36.55
7,19.475,32.0,16.0,32.0,55.85000000000001
8,21.5,,20.5,,
9,21.25,,20.6,,78.9
10,21.7875,,20.1,,95.0
11,21.640000000000004,,18.5,,
12,22.05,,20.8,,
