MONTH,TMIN_P10,TMAX_P90,PRCP_SUM
1,22.11666666666667,,85.45
2,21.566666666666666,,40.1
3,21.775,,4.0
4,22.360000000000003,,116.95
5,21.775,,117.35000000000001
6,20.3,,36.55
7,19.475,32.0,55.85000000000001
8,21.5,,
9,21.25,,78.9
10,21.7875,,95.0
11,21.640000000000004,,
12,22.05,,
