MONTH,TMIN_P10,TMAX_P90,PRCP_SUM
1,-7.0,4.2,9.200000000000001
2,-10.15,10.25,17.35
3,-2.5,15.9,50.55
4,-2.1500000000000004,19.200000000000003,29.750000000000007
5,3.9,24.733333333333334,29.46666666666667
6,7.65,28.233333333333334,69.625
7,10.3,30.3,57.35
8,11.1,33.13333333333333,25.3
9,5.5,24.5,31.35
10,-2.6,17.35,35.9
11,-3.9,10.9,34.3
12,-12.350000000000001,6.65,27.650000000000006
