MONTH,TMIN_P10,TMAX_P90,PRCP_SUM
1,22.8264705882353,32.943333333333335,15.799999999999999
2,22.833333333333332,32.93666666666667,
3,22.958823529411767,33.12,
4,22.778125,33.11071428571429,
5,23.030303030303028,32.971428571428575,
6,22.4,32.357142857142854,
7,21.672727272727283,31.81071428571428,0.0
8,21.375000000000004,32.18571428571429,
9,21.78787878787879,32.83214285714285,
10,22.269444444444453,33.34333333333334,
11,22.917647058823526,33.45,
12,23.01176470588235,33.06666666666667,
