MONTH,TMIN_P10,TMAX_P90,PRCP_SUM
1,-3.2,7.9799999999999995,40.44
2,-2.8000000000000003,9.08,35.440000000000005
3,-0.18,12.680000000000001,42.64
4,-2.2,16.740000000000002,35.760000000000005
5,3.616666666666667,22.883333333333336,38.43333333333333
6,5.75,24.333333333333332,61.26666666666666
7,9.16,25.68,61.000000000000014
8,9.633333333333333,26.349999999999998,64.31666666666668
9,6.0600000000000005,21.32,80.84
10,0.33999999999999997,17.04,79.25999999999999
11,-2.24,10.66,76.8
12,-2.9,8.5,54.04
