MONTH,TMIN_P10,TMAX_P90,PRCP_SUM
1,-4.375,7.45,30.875000000000004
2,-4.9,8.1,22.275000000000002
3,-3.1,14.575,27.900000000000002
4,-1.375,18.075,26.075000000000003
5,3.38,24.46,32.3
6,7.12,28.840000000000003,30.619999999999997
7,10.75,28.45,58.2
8,8.9,32.3,38.650000000000006
9,4.666666666666667,23.766666666666666,34.03333333333333
10,-1.3333333333333333,14.233333333333334,54.800000000000004
11,-2.4,10.875,51.274999999999984
12,-5.05,9.15,58.375
