MONTH,TMIN_P10,TMAX_P90,PRCP_SUM
1,-11.500000000000002,8.9,46.9
2,-5.85,8.700000000000001,44.400000000000006
3,-3.6,13.9,15.750000000000004
4,-3.1000000000000005,17.450000000000003,18.05
5,2.8500000000000005,21.300000000000004,43.65
6,6.6000000000000005,25.200000000000003,14.900000000000002
7,9.1,27.3,36.1
9,7.300000000000001,16.7,0.8
10,3.95,16.3,20.85
11,-2.45,10.4,60.550000000000004
12,-6.550000000000001,5.75,35.45
