MONTH,TMIN_P10,TMAX_P90,PRCP_SUM
1,-3.1,8.675,28.35
2,-5.225,9.125,13.575000000000001
3,-5.4,14.675,31.799999999999997
4,-3.0,17.0,40.275
5,-0.7200000000000001,24.78,31.340000000000003
6,2.78,29.02,50.38000000000001
7,6.0,27.433333333333334,62.53333333333333
8,2.5,30.549999999999997,31.625
9,1.5999999999999999,25.03333333333333,24.76666666666667
10,-2.8333333333333335,15.4,66.83333333333333
11,-2.875,11.825000000000001,42.400000000000006
12,-4.9,10.125,50.574999999999996
