MONTH,TMIN_P10,TMAX_P90,PRCP_SUM
1,-6.3500000000000005,7.3500000000000005,64.35
2,-4.65,8.0,68.3
3,-1.6500000000000001,12.5,33.400000000000006
4,0.65,18.2,46.55
5,6.85,20.650000000000002,58.0
6,10.75,26.450000000000003,37.85
7,14.100000000000001,27.200000000000003,43.5
9,7.1000000000000005,16.400000000000002,77.89999999999999
10,4.8,15.0,61.74999999999999
11,-1.5,10.55,73.14999999999998
12,-6.3500000000000005,6.4,66.55
