MONTH,TMIN_P10,TMAX_P90,PRCP_SUM
1,-9.3,8.1,5.3
2,-4.0,7.1000000000000005,1.3
3,-10.9,11.4,43.5
4,-8.1,16.3,23.000000000000004
5,-0.45,26.15,11.800000000000002
6,0.0,29.25,27.6
7,0.0,31.5,32.50000000000001
8,5.65,33.0,34.60000000000001
9,0.0,21.200000000000003,45.399999999999984
10,-6.0,15.9,4.800000000000001
11,-0.65,10.400000000000002,22.55
12,-3.8500000000000005,7.550000000000001,17.450000000000003
