MONTH,TMIN_P10,TMAX_P90,PRCP_SUM
2,4.4,,6.4
4,-1.3,15.4,13.800000000000002
5,6.800000000000001,26.900000000000002,4.8500000000000005
6,8.600000000000001,30.150000000000002,14.100000000000001
7,9.8,19.400000000000002,8.9
8,10.2,32.7,0.0
9,6.1000000000000005,16.7,42.3
11,0.9500000000000002,10.3,2.0500000000000003
12,2.2,,0.0
