MONTH,TMIN_P10,TMAX_P90,PRCP_SUM
5,6.0,28.900000000000002,12.700000000000001
6,7.2,31.5,55.59999999999999
8,8.5,36.300000000000004,0.0
