MONTH,TMIN_P10,TMAX_P90,PRCP_SUM
1,-3.0,8.15,13.725000000000001
2,-3.825,9.175,20.200000000000003
3,-2.05,14.7,34.175
4,-0.7,16.75,31.050000000000004
5,3.7600000000000002,24.1,35.64
6,7.62,26.939999999999998,50.660000000000004
7,8.866666666666667,27.566666666666666,159.80000000000004
8,10.175,32.5,26.599999999999998
9,5.3,26.266666666666666,30.466666666666665
10,-0.9,14.566666666666668,52.5
11,-2.075,11.65,27.300000000000004
12,-6.4750000000000005,8.2,33.400000000000006
