MONTH,TMIN_P10,TMAX_P90,PRCP_SUM
1,-13.100000000000001,5.1000000000000005,56.1
2,-9.9,5.4,90.99999999999999
3,-12.200000000000001,6.9,120.8
4,-5.5,12.600000000000001,67.3
5,-2.9000000000000004,20.1,30.900000000000006
6,-0.2,22.35,59.8
7,0.0,24.200000000000003,163.8
8,0.0,28.6,68.1
9,-0.5,16.8,77.9
10,-10.5,11.600000000000001,58.099999999999994
11,-6.9,7.65,67.85000000000001
12,-12.200000000000001,2.8000000000000003,92.75
