MONTH,TMIN_P10,TMAX_P90,PRCP_SUM
1,-8.8,9.0,21.400000000000002
2,-4.800000000000001,12.3,16.500000000000004
3,-0.7000000000000001,13.9,67.69999999999999
4,0.6000000000000001,19.0,15.800000000000002
5,6.15,25.25,16.55
6,10.600000000000001,27.950000000000003,54.6
7,10.5,28.6,125.49999999999997
8,12.05,34.35,6.050000000000001
9,7.2,21.700000000000003,77.0
10,-0.9,14.8,19.1
11,-0.75,11.75,23.950000000000003
12,-6.5,7.1000000000000005,32.400000000000006
