MONTH,TMIN_P10,TMAX_P90,PRCP_SUM
1,-7.9,9.200000000000001,30.500000000000007
2,-2.7,10.8,35.70000000000001
3,-10.8,13.600000000000001,68.69999999999999
4,-8.5,17.400000000000002,50.800000000000004
5,-0.7000000000000001,27.450000000000003,15.650000000000002
6,0.0,30.3,23.650000000000002
7,0.0,30.5,54.7
8,0.0,31.0,132.4
9,-0.8,21.700000000000003,41.199999999999996
10,-5.7,16.1,55.9
11,-1.3,11.0,57.19999999999999
12,-4.800000000000001,9.7,49.89999999999999
