MONTH,TMIN_P10,TMAX_P90,PRCP_SUM
1,-11.700000000000001,5.5,56.900000000000006
2,-9.4,10.200000000000001,102.39999999999996
3,-16.7,8.700000000000001,152.99999999999997
4,-7.7,13.4,66.3
5,0.0,20.200000000000003,32.099999999999994
6,0.0,22.950000000000003,40.14999999999999
7,0.0,23.5,123.5
8,-0.2,29.700000000000003,30.249999999999996
9,-3.7,19.200000000000003,80.2
10,-6.6000000000000005,11.9,103.40000000000002
11,-4.9,7.6000000000000005,92.6
12,-9.8,5.85,107.05000000000001
