MONTH,TMIN_P10,TMAX_P90,PRCP_SUM
1,-8.350000000000001,11.05,42.5
2,-3.9000000000000004,13.100000000000001,46.050000000000004
3,-1.5,16.9,32.699999999999996
4,-1.4000000000000001,21.1,21.85
5,5.050000000000001,24.85,49.94999999999999
6,10.200000000000001,26.6,46.699999999999996
7,11.100000000000001,29.75,18.8
8,9.3,31.200000000000003,8.4
9,8.1,19.5,19.900000000000002
10,5.6,18.55,27.5
11,0.40000000000000013,11.8,31.1
12,-3.7500000000000004,11.850000000000001,3.5
