MONTH,TMIN_P10,TMAX_P90,PRCP_SUM
1,11.1,21.24,120.875
2,10.625000000000004,22.115000000000002,109.1
3,12.004999999999999,23.33,150.975
4,15.539999999999997,25.215000000000003,203.925
5,18.854999999999997,27.635,240.15
6,21.545000000000005,30.695000000000004,265.325
7,24.54,32.32,198.275
8,24.854999999999997,31.955000000000002,203.325
9,23.53,31.080000000000002,146.925
10,20.650000000000002,29.075000000000006,157.3
11,16.685,26.220000000000006,148.15
12,12.91,22.779999999999998,109.55
