MONTH,TMIN_P10,TMAX_P90,PRCP_SUM
1,-0.3523809523809523,12.2,41.425
2,-0.3849999999999999,13.065000000000001,58.875
3,1.080952380952381,17.515000000000004,96.525
4,5.459090909090909,23.82,134.525
5,11.764999999999999,27.580000000000002,134.325
6,17.104999999999997,30.129999999999995,203.025
7,21.070000000000004,34.015,141.1
8,23.06,34.94500000000001,105.2
9,17.735000000000003,32.295,168.975
10,10.39,26.225000000000005,101.15
11,4.668181818181818,20.855,58.975
12,1.21,15.184999999999999,34.475
