MONTH,TMIN_P10,TMAX_P90,PRCP_SUM
1,-0.675,11.900000000000002,40.025
2,-1.0,12.355,65.975
3,0.7949999999999999,16.169999999999998,98.05
4,5.955,21.709999999999997,149.8
5,10.885000000000002,25.175000000000004,136.05
6,16.345,27.905,269.875
7,21.000000000000004,32.074999999999996,192.175
8,22.62,32.53000000000001,122.025
9,17.375000000000004,29.74,186.4
10,10.544999999999998,25.05,95.6
11,4.81,20.299999999999997,61.15
12,0.8800000000000001,15.054999999999996,32.625
