MONTH,TMIN_P10,TMAX_P90,PRCP_SUM
1,13.39,23.244999999999997,195.625
2,13.224999999999998,24.249999999999996,154.025
3,14.51,25.595,129.075
4,17.665,27.615,189.55
5,20.935,29.575,241.625
6,23.110000000000003,31.1,183.375
7,24.845,32.21000000000001,132.55
8,24.284999999999997,31.924999999999994,224.975
9,23.435,31.119999999999994,240.075
10,21.325,29.505000000000003,218.05
11,17.875,26.919999999999995,243.825
12,14.434999999999999,24.475,168.8
