MONTH,TMIN_P10,TMAX_P90,PRCP_SUM
1,-0.74,13.425,69.475
2,-0.6050000000000001,14.660000000000002,90.075
3,1.6149999999999998,17.865000000000002,124.725
4,6.345,23.195,173.825
5,11.205000000000002,26.540000000000003,191.725
6,16.044999999999998,28.639999999999997,339.4
7,21.180000000000003,32.42,308.0
8,22.445,33.385000000000005,196.55
9,17.315000000000005,30.559999999999995,205.225
10,10.709999999999999,26.28,102.85
11,5.08,21.55,75.325
12,1.31,16.575,55.5
