MONTH,TMIN_P10,TMAX_P90,PRCP_SUM
1,21.71153846153846,32.42083333333333,
2,21.455555555555552,32.253846153846155,
3,21.607407407407408,32.428,
4,21.92222222222223,32.604,
5,22.044444444444437,32.507999999999996,
6,22.011111111111113,32.029166666666676,
7,21.85,31.850000000000005,
8,21.830769230769228,31.920833333333334,
9,21.78888888888889,31.87692307692307,2.0
10,21.730769230769234,32.333333333333336,0.0
11,21.692307692307693,32.85833333333333,0.0
12,22.000000000000004,32.73333333333334,0.0
