MONTH,TMIN_P10,TMAX_P90,PRCP_SUM
1,22.234375,33.643750000000004,
2,22.093750000000007,33.93437500000001,
3,22.36562500000001,34.1625,
4,22.61612903225806,34.13548387096775,
5,22.78387096774193,34.225806451612904,0.0
6,22.590322580645164,33.967741935483865,
7,21.865625,33.709375,
8,21.787096774193543,34.07096774193549,
9,22.168750000000003,34.290625,
10,22.456250000000004,34.543749999999996,
11,22.465624999999996,34.175,
12,22.35625,33.665625,
