MONTH,TMIN_P10,TMAX_P90,PRCP_SUM
1,-10.2,9.100000000000001,48.849999999999994
2,-7.550000000000001,9.9,41.099999999999994
3,-0.39999999999999974,14.5,10.950000000000001
4,-4.25,17.450000000000003,20.1
5,4.800000000000001,22.800000000000004,14.850000000000003
6,6.200000000000001,26.200000000000003,27.75
7,9.9,29.3,31.200000000000006
9,2.8000000000000003,16.6,2.1
10,4.75,17.200000000000003,17.150000000000002
11,-2.1,9.25,30.8
12,-6.7,7.2,39.0
