MONTH,TMIN_P10,TMAX_P90,PRCP_SUM
1,-12.3,6.050000000000001,38.00000000000001
2,-12.55,10.15,27.349999999999998
3,-5.0,14.6,26.200000000000003
4,-4.6,17.5,25.150000000000002
5,1.1749999999999998,22.725,19.275
6,5.175,26.025,78.975
7,8.2,27.65,57.55
8,6.775,30.025,45.5
9,1.6000000000000003,21.666666666666668,45.300000000000004
10,-1.0666666666666664,20.433333333333334,13.833333333333334
11,-5.2,9.0,46.5
12,-15.033333333333333,2.9333333333333336,42.43333333333333
